year,keyword,date,value
2015,date,2015-12-27,2015-12-27 00:00:00
2015,date,2015-12-20,2015-12-20 00:00:00
2015,date,2015-12-13,2015-12-13 00:00:00
2015,donald trump,2015-12-06,53
2015,donald trump,2015-08-23,36
2015,donald trump,2015-12-13,31
2015,trump,2015-12-06,89
2015,trump,2015-12-13,59
2015,trump,2015-08-23,55
2015,bernie sanders,2015-10-11,20
2015,bernie sanders,2015-08-09,17
2015,bernie sanders,2015-09-13,13
2015,ashley madison,2015-08-16,78
2015,ashley madison,2015-08-23,67
2015,ashley madison,2015-07-19,27
2015,bobbi kristina,2015-02-01,100
2015,bobbi kristina,2015-02-08,75
2015,bobbi kristina,2015-07-26,41
2015,alexis tsipras,2015-01-25,13
2015,alexis tsipras,2015-07-05,9
2015,alexis tsipras,2015-06-28,7
2015,"floyd mayweather, jr.",2015-04-26,1
2015,"floyd mayweather, jr.",2015-05-03,1
2015,"floyd mayweather, jr.",2014-12-28,0
2015,jordan spieth,2015-04-12,100
2015,jordan spieth,2015-04-05,44
2015,jordan spieth,2015-06-21,34
2015,volkswagen passenger cars,2014-12-28,0
2015,volkswagen passenger cars,2015-01-04,0
2015,volkswagen passenger cars,2015-01-11,0
2015,planned parenthood,2015-08-02,66
2015,planned parenthood,2015-07-26,63
2015,planned parenthood,2015-11-29,57
2015,isPartial.1,2014-12-28,False
2015,isPartial.1,2015-01-04,False
2015,isPartial.1,2015-01-11,False
2015,windows 10,2015-07-26,100
2015,windows 10,2015-08-02,85
2015,windows 10,2015-08-09,66
2015,ben carson,2015-10-25,4
2015,ben carson,2015-11-01,4
2015,ben carson,2015-11-08,4
2015,brian williams,2015-02-08,10
2015,brian williams,2015-02-01,5
2015,brian williams,2015-02-15,2
2015,lamar odom,2015-10-11,73
2015,lamar odom,2015-10-18,21
2015,lamar odom,2015-10-25,6
2015,ronda rousey,2015-11-15,50
2015,ronda rousey,2015-08-02,38
2015,ronda rousey,2015-03-01,10
2015,isPartial.2,2014-12-28,False
2015,isPartial.2,2015-01-04,False
2015,isPartial.2,2015-01-11,False
2015,new horizons,2015-07-12,17
2015,new horizons,2015-07-05,3
2015,new horizons,2015-07-19,3
2015,jeb bush,2015-06-14,7
2015,jeb bush,2015-09-13,4
2015,jeb bush,2015-07-05,2
2015,san bernardino,2015-11-29,58
2015,san bernardino,2015-12-06,10
2015,san bernardino,2015-12-13,4
2015,tom brady,2015-02-01,30
2015,tom brady,2015-01-18,14
2015,tom brady,2015-05-10,12
2015,bruce jenner,2015-05-31,100
2015,bruce jenner,2015-04-19,59
2015,bruce jenner,2015-04-26,38
2015,isPartial.3,2014-12-28,False
2015,isPartial.3,2015-01-04,False
2015,isPartial.3,2015-01-11,False
2015,yemen,2015-03-22,6
2015,yemen,2015-03-29,5
2015,yemen,2015-04-05,4
2015,fallout 4,2015-11-08,100
2015,fallout 4,2015-11-15,87
2015,fallout 4,2015-11-22,69
2015,greece,2015-07-05,28
2015,greece,2015-06-28,27
2015,greece,2015-07-12,17
2015,ted cruz,2015-03-22,8
2015,ted cruz,2015-12-13,3
2015,ted cruz,2015-12-06,2
2015,nepal,2015-04-26,96
2015,nepal,2015-05-10,25
2015,nepal,2015-04-19,21
2015,isPartial.4,2014-12-28,False
2015,isPartial.4,2015-01-04,False
2015,isPartial.4,2015-01-11,False
2015,paris,2015-11-08,100
2015,paris,2015-11-15,66
2015,paris,2015-01-04,35
2015,duggar,2015-05-17,6
2015,duggar,2015-05-24,5
2015,duggar,2015-05-31,4
2015,jon stewart,2015-02-08,2
2015,jon stewart,2015-08-02,2
2015,jon stewart,2015-06-14,1
2015,golden state warriors,2015-06-14,3
2015,golden state warriors,2015-05-24,2
2015,golden state warriors,2015-05-31,2
2015,hillary clinton,2015-04-12,4
2015,hillary clinton,2015-10-18,2
2015,hillary clinton,2015-03-08,1
2015,isPartial.5,2014-12-28,False
2015,isPartial.5,2015-01-04,False
2015,isPartial.5,2015-01-11,False
2015,hillary rodham clinton,2014-12-28,0
2015,hillary rodham clinton,2015-01-04,0
2015,hillary rodham clinton,2015-01-11,0
2015,kylie jenner,2015-04-19,73
2015,kylie jenner,2015-08-09,50
2015,kylie jenner,2015-04-26,31
2015,david cameron,2015-09-20,16
2015,david cameron,2015-05-03,10
2015,david cameron,2015-05-10,4
2015,airasia,2014-12-28,100
2015,airasia,2015-01-04,29
2015,airasia,2015-01-11,22
2015,blake shelton,2015-07-19,24
2015,blake shelton,2015-11-01,22
2015,blake shelton,2015-11-08,14
2015,isPartial.6,2014-12-28,False
2015,isPartial.6,2015-01-04,False
2015,isPartial.6,2015-01-11,False
2015,charlie sheen,2015-11-15,100
2015,charlie sheen,2015-11-22,16
2015,charlie sheen,2015-11-29,7
2015,new york mets,2015-10-11,5
2015,new york mets,2015-10-18,5
2015,new york mets,2015-10-25,5
2015,chicago cubs,2015-10-11,20
2015,chicago cubs,2015-10-18,18
2015,chicago cubs,2015-10-04,13
2015,james bond,2015-11-08,38
2015,james bond,2015-11-01,36
2015,james bond,2015-10-25,26
2015,persib,2015-10-18,16
2015,persib,2015-02-01,10
2015,persib,2015-02-08,10
2015,isPartial.7,2014-12-28,False
2015,isPartial.7,2015-01-04,False
2015,isPartial.7,2015-01-11,False
2015,stock stock,2015-08-23,100
2015,stock stock,2015-07-05,67
2015,stock stock,2015-08-16,65
2015,scott walker,2015-07-12,3
2015,scott walker,2015-09-20,3
2015,scott walker,2015-08-02,2
2015,saudi arabia,2015-01-18,12
2015,saudi arabia,2015-01-25,10
2015,saudi arabia,2015-09-20,10
2015,boston marathon bombings,2014-12-28,0
2015,boston marathon bombings,2015-01-04,0
2015,boston marathon bombings,2015-01-11,0
2015,apple inc.,2014-12-28,0
2015,apple inc.,2015-01-04,0
2015,apple inc.,2015-01-11,0
2015,isPartial.8,2014-12-28,False
2015,isPartial.8,2015-01-04,False
2015,isPartial.8,2015-01-11,False
2015,manny pacquiao,2015-05-03,36
2015,manny pacquiao,2015-04-26,29
2015,manny pacquiao,2015-04-19,6
2015,serena williams,2015-09-06,21
2015,serena williams,2015-07-05,15
2015,serena williams,2015-05-31,9
2015,rand paul,2015-04-05,5
2015,rand paul,2015-04-12,2
2015,rand paul,2015-08-02,2
2015,baltimore,2015-04-26,100
2015,baltimore,2015-05-03,18
2015,baltimore,2015-01-04,14
2015,aaron hernandez,2015-04-12,17
2015,aaron hernandez,2015-04-05,4
2015,aaron hernandez,2015-01-25,2
2015,isPartial.9,2014-12-28,False
2015,isPartial.9,2015-01-04,False
2015,isPartial.9,2015-01-11,False
2016,date,2016-12-25,2016-12-25 00:00:00
2016,date,2016-12-18,2016-12-18 00:00:00
2016,date,2016-12-11,2016-12-11 00:00:00
2016,zika virus,2016-01-31,17
2016,zika virus,2016-01-24,13
2016,zika virus,2016-02-07,8
2016,brexit,2016-06-19,100
2016,brexit,2016-06-26,33
2016,brexit,2016-06-12,12
2016,rodrigo duterte,2016-05-08,1
2016,rodrigo duterte,2015-12-27,0
2016,rodrigo duterte,2016-01-03,0
2016,egyptair,2016-05-15,7
2016,egyptair,2016-05-22,3
2016,egyptair,2016-03-27,1
2016,ryan lochte,2016-08-14,11
2016,ryan lochte,2016-08-21,6
2016,ryan lochte,2016-08-07,5
2016,pokemon go,2016-07-10,100
2016,pokemon go,2016-07-17,78
2016,pokemon go,2016-07-31,54
2016,aleppo,2016-12-11,4
2016,aleppo,2016-12-18,2
2016,aleppo,2016-09-04,1
2016,mike pence,2016-07-10,2
2016,mike pence,2016-07-17,1
2016,mike pence,2016-10-02,1
2016,overwatch,2016-05-22,6
2016,overwatch,2016-05-29,6
2016,overwatch,2016-06-05,5
2016,mosul,2016-10-16,1
2016,mosul,2016-10-30,1
2016,mosul,2015-12-27,0
2016,isPartial.1,2015-12-27,False
2016,isPartial.1,2016-01-03,False
2016,isPartial.1,2016-01-10,False
2016,david bowie,2016-01-10,100
2016,david bowie,2016-01-17,11
2016,david bowie,2016-01-24,5
2016,wikileaks,2016-10-16,6
2016,wikileaks,2016-10-30,6
2016,wikileaks,2016-10-09,5
2016,michael phelps,2016-08-07,41
2016,michael phelps,2016-08-14,11
2016,michael phelps,2016-06-26,3
2016,flint,2016-01-17,5
2016,flint,2016-01-24,3
2016,flint,2016-01-10,2
2016,colin kaepernick,2016-08-28,8
2016,colin kaepernick,2016-09-04,2
2016,colin kaepernick,2016-09-11,2
2016,isPartial.2,2015-12-27,False
2016,isPartial.2,2016-01-03,False
2016,isPartial.2,2016-01-10,False
2016,brad pitt,2016-09-18,23
2016,brad pitt,2016-09-25,8
2016,brad pitt,2016-10-02,5
2016,ahok,2016-10-30,8
2016,ahok,2016-11-13,5
2016,ahok,2016-11-06,4
2016,trump news,2016-11-06,9
2016,trump news,2016-10-09,6
2016,trump news,2016-10-16,5
2016,dilma rousseff,2016-04-17,1
2016,dilma rousseff,2016-05-08,1
2016,dilma rousseff,2016-08-28,1
2016,iphone 7,2016-09-04,100
2016,iphone 7,2016-09-11,51
2016,iphone 7,2016-09-18,38
2016,isPartial.3,2015-12-27,False
2016,isPartial.3,2016-01-03,False
2016,isPartial.3,2016-01-10,False
2016,doctor strange,2016-10-30,3
2016,doctor strange,2016-11-06,3
2016,doctor strange,2016-11-13,2
2016,macbook pro,2016-10-23,2
2016,macbook pro,2016-10-30,2
2016,macbook pro,2015-12-27,1
2016,john kasich,2016-03-13,1
2016,john kasich,2015-12-27,0
2016,john kasich,2016-01-03,0
2016,conor mcgregor,2016-03-06,3
2016,conor mcgregor,2016-11-13,3
2016,conor mcgregor,2016-04-17,2
2016,trump,2016-11-06,100
2016,trump,2016-11-13,30
2016,trump,2016-10-09,29
2016,isPartial.4,2015-12-27,False
2016,isPartial.4,2016-01-03,False
2016,isPartial.4,2016-01-10,False
2016,ghostbusters,2016-07-10,8
2016,ghostbusters,2016-07-17,8
2016,ghostbusters,2016-07-24,5
2016,donald trump,2016-11-06,100
2016,donald trump,2016-11-13,27
2016,donald trump,2016-10-09,26
2016,brussels,2016-03-20,28
2016,brussels,2016-03-27,4
2016,brussels,2016-01-31,2
2016,kevin durant,2016-07-03,12
2016,kevin durant,2016-06-26,3
2016,kevin durant,2016-05-29,2
2016,suicide squad,2016-07-31,27
2016,suicide squad,2016-08-07,27
2016,suicide squad,2016-08-14,20
2016,isPartial.5,2015-12-27,False
2016,isPartial.5,2016-01-03,False
2016,isPartial.5,2016-01-10,False
2016,horse racing,2016-03-13,2
2016,horse racing,2016-03-27,2
2016,horse racing,2016-04-03,2
2016,social media,2016-02-07,3
2016,social media,2016-02-14,3
2016,social media,2016-02-21,3
2016,michelle obama,2016-07-24,6
2016,michelle obama,2016-07-17,5
2016,michelle obama,2016-10-09,3
2016,clinton email,2016-05-22,1
2016,clinton email,2016-06-05,1
2016,clinton email,2016-07-03,1
2016,clinton,2016-11-06,100
2016,clinton,2016-10-30,44
2016,clinton,2016-10-09,41
2016,isPartial.6,2015-12-27,False
2016,isPartial.6,2016-01-03,False
2016,isPartial.6,2016-01-10,False
2016,prince,2016-04-17,100
2016,prince,2016-04-24,36
2016,prince,2016-05-01,15
2016,sanders,2016-02-07,9
2016,sanders,2016-01-31,7
2016,sanders,2016-03-06,7
2016,persib,2016-03-20,2
2016,persib,2016-03-27,2
2016,persib,2016-04-03,2
2016,bernie sanders,2016-02-07,7
2016,bernie sanders,2016-01-31,6
2016,bernie sanders,2016-03-06,6
2016,tesla motors,2015-12-27,0
2016,tesla motors,2016-01-03,0
2016,tesla motors,2016-01-10,0
2016,isPartial.7,2015-12-27,False
2016,isPartial.7,2016-01-03,False
2016,isPartial.7,2016-01-10,False
2016,hillary clinton,2016-11-06,12
2016,hillary clinton,2016-07-24,4
2016,hillary clinton,2016-09-11,4
2016,pokemon,2016-07-10,100
2016,pokemon,2016-07-17,90
2016,pokemon,2016-07-31,68
2016,israel news,2015-12-27,0
2016,israel news,2016-01-03,0
2016,israel news,2016-01-10,0
2016,maria sharapova,2016-03-06,1
2016,maria sharapova,2015-12-27,0
2016,maria sharapova,2016-01-03,0
2016,black lives matter,2016-07-03,1
2016,black lives matter,2016-07-10,1
2016,black lives matter,2015-12-27,0
2016,isPartial.8,2015-12-27,False
2016,isPartial.8,2016-01-03,False
2016,isPartial.8,2016-01-10,False
2016,ibm,2016-01-17,36
2016,ibm,2016-01-31,36
2016,ibm,2016-02-21,36
2016,stephen curry,2016-06-12,57
2016,stephen curry,2016-02-28,51
2016,stephen curry,2016-06-05,49
2016,ted cruz,2016-05-01,100
2016,ted cruz,2016-01-31,81
2016,ted cruz,2016-03-20,78
2016,south china sea,2016-07-10,15
2016,south china sea,2016-07-17,5
2016,south china sea,2016-07-24,4
2016,marco rubio,2016-02-21,43
2016,marco rubio,2016-02-28,43
2016,marco rubio,2016-01-31,37
2016,isPartial.9,2015-12-27,False
2016,isPartial.9,2016-01-03,False
2016,isPartial.9,2016-01-10,False
2017,date,2017-12-31,2017-12-31 00:00:00
2017,date,2017-12-24,2017-12-24 00:00:00
2017,date,2017-12-17,2017-12-17 00:00:00
2017,hurricane irma,2017-09-03,50
2017,hurricane irma,2017-09-10,20
2017,hurricane irma,2017-08-27,3
2017,irma,2017-09-03,100
2017,irma,2017-09-10,53
2017,irma,2017-08-27,5
2017,hurricane harvey,2017-08-27,8
2017,hurricane harvey,2017-08-20,7
2017,hurricane harvey,2017-09-03,2
2017,sean spicer,2017-02-05,2
2017,sean spicer,2017-01-22,1
2017,sean spicer,2017-02-12,1
2017,betsy devos,2017-02-05,2
2017,betsy devos,2017-01-15,1
2017,betsy devos,2017-01-29,1
2017,chris cornell,2017-05-14,100
2017,chris cornell,2017-05-21,22
2017,chris cornell,2017-07-16,19
2017,trump impeachment,2017-05-14,5
2017,trump impeachment,2017-11-12,3
2017,trump impeachment,2017-01-29,2
2017,litecoin,2017-12-10,27
2017,litecoin,2017-12-17,15
2017,litecoin,2017-12-03,9
2017,nintendo switch,2017-02-26,39
2017,nintendo switch,2017-03-05,38
2017,nintendo switch,2017-12-24,28
2017,sessions,2017-06-11,12
2017,sessions,2017-02-26,10
2017,sessions,2017-01-08,9
2017,isPartial.1,2017-01-01,False
2017,isPartial.1,2017-01-08,False
2017,isPartial.1,2017-01-15,False
2017,michael t. flynn,2017-01-01,0
2017,michael t. flynn,2017-01-08,0
2017,michael t. flynn,2017-01-15,0
2017,iphone 8,2017-09-10,100
2017,iphone 8,2017-09-17,37
2017,iphone 8,2017-09-24,31
2017,daca,2017-09-03,33
2017,daca,2017-08-27,5
2017,daca,2017-09-10,5
2017,ethereum,2017-12-10,10
2017,ethereum,2017-12-17,9
2017,ethereum,2017-06-11,7
2017,h1b,2017-01-29,5
2017,h1b,2017-03-05,2
2017,h1b,2017-04-02,2
2017,isPartial.2,2017-01-01,False
2017,isPartial.2,2017-01-08,False
2017,isPartial.2,2017-01-15,False
2017,trump russia,2017-01-08,9
2017,trump russia,2017-05-14,6
2017,trump russia,2017-02-12,5
2017,carmelo anthony,2017-04-16,9
2017,carmelo anthony,2017-07-09,9
2017,carmelo anthony,2017-09-17,9
2017,meryl streep,2017-01-08,62
2017,meryl streep,2017-02-26,10
2017,meryl streep,2017-01-15,6
2017,kellyanne conway,2017-01-22,16
2017,kellyanne conway,2017-02-26,12
2017,kellyanne conway,2017-02-05,11
2017,north korea,2017-08-06,100
2017,north korea,2017-09-03,89
2017,north korea,2017-04-09,83
2017,isPartial.3,2017-01-01,False
2017,isPartial.3,2017-01-08,False
2017,isPartial.3,2017-01-15,False
2017,aaron hernandez,2017-04-16,32
2017,aaron hernandez,2017-04-23,6
2017,aaron hernandez,2017-04-09,3
2017,miss universe,2017-01-29,23
2017,miss universe,2017-11-26,16
2017,miss universe,2017-01-22,6
2017,korea,2017-08-06,47
2017,korea,2017-09-03,44
2017,korea,2017-04-09,42
2017,kyrie irving,2017-07-23,7
2017,kyrie irving,2017-08-20,7
2017,kyrie irving,2017-07-16,5
2017,bitcoin,2017-12-17,100
2017,bitcoin,2017-12-03,88
2017,bitcoin,2017-12-10,81
2017,isPartial.4,2017-01-01,False
2017,isPartial.4,2017-01-08,False
2017,isPartial.4,2017-01-15,False
2017,golden globe award,2017-01-08,1
2017,golden globe award,2017-01-01,0
2017,golden globe award,2017-01-15,0
2017,united airlines,2017-04-09,100
2017,united airlines,2017-04-16,18
2017,united airlines,2017-04-23,13
2017,toshiba,2017-01-01,10
2017,toshiba,2017-01-08,10
2017,toshiba,2017-01-15,10
2017,melania trump,2017-01-15,48
2017,melania trump,2017-01-22,42
2017,melania trump,2017-05-21,18
2017,trump news,2017-01-29,31
2017,trump news,2017-01-22,25
2017,trump news,2017-02-12,22
2017,isPartial.5,2017-01-01,False
2017,isPartial.5,2017-01-08,False
2017,isPartial.5,2017-01-15,False
2017,cavs,2017-06-04,89
2017,cavs,2017-06-11,42
2017,cavs,2017-05-21,32
2017,trump twitter,2017-02-05,20
2017,trump twitter,2017-01-29,19
2017,trump twitter,2017-01-22,17
2017,immigration,2017-01-29,39
2017,immigration,2017-02-05,21
2017,immigration,2017-02-12,20
2017,mariah carey,2017-01-01,100
2017,mariah carey,2017-12-31,14
2017,mariah carey,2017-01-08,9
2017,eminem,2017-10-08,48
2017,eminem,2017-12-17,30
2017,eminem,2017-12-10,29
2017,isPartial.6,2017-01-01,False
2017,isPartial.6,2017-01-08,False
2017,isPartial.6,2017-01-15,False
2017,ivanka trump,2017-01-15,28
2017,ivanka trump,2017-02-05,21
2017,ivanka trump,2017-01-22,20
2017,news today,2017-08-27,40
2017,news today,2017-08-20,39
2017,news today,2017-08-13,37
2017,celtics,2017-05-14,54
2017,celtics,2017-05-21,44
2017,celtics,2017-05-07,31
2017,nintendo,2017-03-05,100
2017,nintendo,2017-02-26,98
2017,nintendo,2017-12-24,90
2017,cnn news,2017-01-29,20
2017,cnn news,2017-10-01,20
2017,cnn news,2017-09-03,19
2017,isPartial.7,2017-01-01,False
2017,isPartial.7,2017-01-08,False
2017,isPartial.7,2017-01-15,False
2017,abc news,2017-01-15,4
2017,abc news,2017-09-03,4
2017,abc news,2017-01-01,3
2017,amd,2017-02-26,9
2017,amd,2017-02-19,8
2017,amd,2017-01-01,7
2017,washington post,2017-05-14,5
2017,washington post,2017-01-22,4
2017,washington post,2017-01-29,4
2017,patriots,2017-02-05,31
2017,patriots,2017-01-22,22
2017,patriots,2017-01-15,19
2017,mexico,2017-09-17,100
2017,mexico,2017-09-03,64
2017,mexico,2017-06-18,61
2017,isPartial.8,2017-01-01,False
2017,isPartial.8,2017-01-08,False
2017,isPartial.8,2017-01-15,False
2017,amazon,2017-11-19,68
2017,amazon,2017-12-10,63
2017,amazon,2017-11-26,62
2017,dragon ball super,2017-10-08,6
2017,dragon ball super,2017-10-15,4
2017,dragon ball super,2017-07-23,3
2017,craigslist,2017-03-05,29
2017,craigslist,2017-03-26,29
2017,craigslist,2017-02-19,28
2017,weather,2017-12-31,100
2017,weather,2017-12-24,81
2017,weather,2017-06-18,80
2017,nbc news,2017-10-01,1
2017,nbc news,2017-11-26,1
2017,nbc news,2017-01-01,0
2017,isPartial.9,2017-01-01,False
2017,isPartial.9,2017-01-08,False
2017,isPartial.9,2017-01-15,False
2018,date,2018-12-30,2018-12-30 00:00:00
2018,date,2018-12-23,2018-12-23 00:00:00
2018,date,2018-12-16,2018-12-16 00:00:00
2018,kavanaugh,2018-09-23,56
2018,kavanaugh,2018-09-30,46
2018,kavanaugh,2018-10-07,13
2018,hurricane florence,2018-09-09,100
2018,hurricane florence,2018-09-16,11
2018,hurricane florence,2018-09-02,5
2018,fortnite,2018-07-08,68
2018,fortnite,2018-04-29,67
2018,fortnite,2018-07-22,67
2018,mollie tibbetts,2018-08-19,13
2018,mollie tibbetts,2018-08-05,4
2018,mollie tibbetts,2018-08-12,4
2018,michael cohen,2018-08-19,3
2018,michael cohen,2018-12-09,3
2018,michael cohen,2018-04-08,2
2018,avengers 4,2018-12-02,17
2018,avengers 4,2018-11-25,6
2018,avengers 4,2018-04-29,5
2018,anthony bourdain,2018-06-03,89
2018,anthony bourdain,2018-06-10,26
2018,anthony bourdain,2018-06-17,6
2018,dez bryant,2018-11-04,7
2018,dez bryant,2018-04-08,4
2018,dez bryant,2018-04-15,3
2018,black panther,2018-02-18,91
2018,black panther,2018-02-11,64
2018,black panther,2018-02-25,46
2018,kate spade,2018-06-03,100
2018,kate spade,2018-06-10,10
2018,kate spade,2018-06-17,5
2018,isPartial.1,2017-12-31,False
2018,isPartial.1,2018-01-07,False
2018,isPartial.1,2018-01-14,False
2018,world cup 2018,2018-06-24,100
2018,world cup 2018,2018-07-01,90
2018,world cup 2018,2018-06-17,86
2018,cohen,2018-07-22,3
2018,cohen,2018-08-19,3
2018,cohen,2018-12-09,3
2018,xxxtentacion,2018-06-17,51
2018,xxxtentacion,2018-06-24,7
2018,xxxtentacion,2018-07-01,4
2018,le'veon bell,2018-09-02,2
2018,le'veon bell,2018-09-09,1
2018,le'veon bell,2018-09-16,1
2018,government shutdown,2018-01-14,7
2018,government shutdown,2018-01-21,7
2018,government shutdown,2018-12-30,4
2018,isPartial.2,2017-12-31,False
2018,isPartial.2,2018-01-07,False
2018,isPartial.2,2018-01-14,False
2018,mega millions,2018-10-21,91
2018,mega millions,2018-10-14,69
2018,mega millions,2017-12-31,18
2018,red dead redemption 2,2018-10-28,43
2018,red dead redemption 2,2018-10-21,34
2018,red dead redemption 2,2018-11-04,29
2018,meghan markle,2018-05-13,100
2018,meghan markle,2018-05-20,76
2018,meghan markle,2018-10-14,17
2018,kawhi leonard,2018-07-01,7
2018,kawhi leonard,2018-07-15,7
2018,kawhi leonard,2018-06-10,3
2018,cryptocurrency,2017-12-31,12
2018,cryptocurrency,2018-01-07,12
2018,cryptocurrency,2018-01-14,12
2018,isPartial.3,2017-12-31,False
2018,isPartial.3,2018-01-07,False
2018,isPartial.3,2018-01-14,False
2018,manafort,2018-08-19,9
2018,manafort,2018-08-12,5
2018,manafort,2018-07-29,3
2018,avengers infinity war,2018-04-29,68
2018,avengers infinity war,2018-04-22,63
2018,avengers infinity war,2018-05-06,31
2018,mueller,2018-12-02,5
2018,mueller,2018-01-21,4
2018,mueller,2018-03-18,4
2018,demi lovato,2018-07-22,100
2018,demi lovato,2018-07-29,26
2018,demi lovato,2018-08-05,11
2018,dow jones,2018-02-04,31
2018,dow jones,2018-12-23,21
2018,dow jones,2018-12-16,18
2018,isPartial.4,2017-12-31,False
2018,isPartial.4,2018-01-07,False
2018,isPartial.4,2018-01-14,False
2018,mueller investigation,2018-01-21,1
2018,mueller investigation,2018-01-28,1
2018,mueller investigation,2018-03-11,1
2018,ripple,2017-12-31,66
2018,ripple,2018-01-07,50
2018,ripple,2018-01-14,30
2018,tsunami,2018-12-23,100
2018,tsunami,2018-09-30,42
2018,tsunami,2018-09-23,27
2018,hawaii,2018-05-06,67
2018,hawaii,2018-08-19,65
2018,hawaii,2018-05-13,56
2018,kanye west,2018-04-29,39
2018,kanye west,2018-04-22,29
2018,kanye west,2018-05-27,19
2018,isPartial.5,2017-12-31,False
2018,isPartial.5,2018-01-07,False
2018,isPartial.5,2018-01-14,False
2018,robert mueller,2018-01-21,3
2018,robert mueller,2018-03-18,2
2018,robert mueller,2018-04-08,2
2018,weather radar,2018-09-02,41
2018,weather radar,2018-05-27,39
2018,weather radar,2018-10-07,39
2018,khloe kardashian,2018-04-08,95
2018,khloe kardashian,2018-04-15,42
2018,khloe kardashian,2018-04-22,19
2018,kingdom hearts 3,2018-06-10,8
2018,kingdom hearts 3,2018-12-16,5
2018,kingdom hearts 3,2018-12-30,4
2018,lebron james,2018-07-01,100
2018,lebron james,2018-06-03,55
2018,lebron james,2018-05-27,51
2018,isPartial.6,2017-12-31,False
2018,isPartial.6,2018-01-07,False
2018,isPartial.6,2018-01-14,False
2018,local news,2018-09-09,3
2018,local news,2017-12-31,2
2018,local news,2018-01-07,2
2018,shooting,2018-02-11,100
2018,shooting,2018-05-13,44
2018,shooting,2018-02-18,43
2018,lakers,2018-07-01,41
2018,lakers,2018-10-21,28
2018,lakers,2018-12-23,23
2018,stock market,2018-02-04,22
2018,stock market,2018-12-23,12
2018,stock market,2018-10-07,10
2018,markelle fultz,2018-03-25,2
2018,markelle fultz,2018-01-14,1
2018,markelle fultz,2018-04-08,1
2018,isPartial.7,2017-12-31,False
2018,isPartial.7,2018-01-07,False
2018,isPartial.7,2018-01-14,False
2018,cleveland browns,2018-09-16,9
2018,cleveland browns,2018-09-09,5
2018,cleveland browns,2018-09-30,4
2018,ford,2018-09-23,100
2018,ford,2018-09-16,87
2018,ford,2018-09-30,87
2018,nafta,2018-08-26,4
2018,nafta,2018-09-30,4
2018,nafta,2018-09-02,2
2018,eagles,2018-02-04,69
2018,eagles,2018-01-21,48
2018,eagles,2018-01-14,22
2018,nicki minaj,2018-09-09,17
2018,nicki minaj,2018-09-02,16
2018,nicki minaj,2018-08-19,15
2018,isPartial.8,2017-12-31,False
2018,isPartial.8,2018-01-07,False
2018,isPartial.8,2018-01-14,False
2018,red sox,2018-10-21,15
2018,red sox,2018-10-14,13
2018,red sox,2018-10-28,11
2018,kate middleton,2018-04-22,9
2018,kate middleton,2018-05-13,6
2018,kate middleton,2018-05-20,6
2018,netflix,2018-12-23,62
2018,netflix,2018-12-30,60
2018,netflix,2017-12-31,44
2018,instagram,2018-12-30,100
2018,instagram,2018-12-23,91
2018,instagram,2017-12-31,90
2018,news today,2018-05-13,6
2018,news today,2018-07-01,6
2018,news today,2018-07-08,6
2018,isPartial.9,2017-12-31,False
2018,isPartial.9,2018-01-07,False
2018,isPartial.9,2018-01-14,False
2019,date,2019-12-29,2019-12-29 00:00:00
2019,date,2019-12-22,2019-12-22 00:00:00
2019,date,2019-12-15,2019-12-15 00:00:00
2019,hurricane dorian,2019-09-01,100
2019,hurricane dorian,2019-08-25,45
2019,hurricane dorian,2019-09-08,5
2019,jussie smollett,2019-02-17,29
2019,jussie smollett,2019-01-27,13
2019,jussie smollett,2019-03-24,9
2019,notre dame fire,2019-04-14,27
2019,notre dame fire,2019-04-21,1
2019,notre dame fire,2018-12-30,0
2019,mad cow,2018-12-30,0
2019,mad cow,2019-01-06,0
2019,mad cow,2019-01-13,0
2019,avengers endgame,2019-04-21,90
2019,avengers endgame,2019-04-28,69
2019,avengers endgame,2019-05-05,30
2019,pete buttigieg,2019-04-14,2
2019,pete buttigieg,2019-03-17,1
2019,pete buttigieg,2019-03-24,1
2019,lori loughlin,2019-03-10,12
2019,lori loughlin,2019-03-17,3
2019,lori loughlin,2019-04-07,2
2019,cameron boyce,2019-07-07,100
2019,cameron boyce,2019-07-14,5
2019,cameron boyce,2019-07-28,3
2019,andrew yang,2019-03-10,1
2019,andrew yang,2019-06-23,1
2019,andrew yang,2019-07-28,1
2019,disney plus,2019-11-10,39
2019,disney plus,2019-11-17,20
2019,disney plus,2019-11-24,12
2019,isPartial.1,2018-12-30,False
2019,isPartial.1,2019-01-06,False
2019,isPartial.1,2019-01-13,False
2019,mad cow disease,2018-12-30,0
2019,mad cow disease,2019-01-06,0
2019,mad cow disease,2019-01-13,0
2019,nipsey hussle,2019-03-31,100
2019,nipsey hussle,2019-04-07,33
2019,nipsey hussle,2019-04-14,10
2019,jeffrey epstein,2019-08-11,24
2019,jeffrey epstein,2019-08-04,19
2019,jeffrey epstein,2019-07-07,15
2019,antonio brown,2019-09-08,33
2019,antonio brown,2019-09-01,30
2019,antonio brown,2019-09-15,26
2019,mueller report,2019-04-14,11
2019,mueller report,2019-03-24,6
2019,mueller report,2019-03-17,4
2019,isPartial.2,2018-12-30,False
2019,isPartial.2,2019-01-06,False
2019,isPartial.2,2019-01-13,False
2019,r kelly,2019-01-06,61
2019,r kelly,2018-12-30,23
2019,r kelly,2019-03-03,23
2019,biden,2019-09-22,10
2019,biden,2019-03-31,9
2019,biden,2019-04-21,9
2019,impeachment,2019-12-15,100
2019,impeachment,2019-11-17,24
2019,impeachment,2019-11-10,21
2019,joe biden,2019-04-21,7
2019,joe biden,2019-03-31,6
2019,joe biden,2019-04-28,4
2019,hong kong,2019-08-11,43
2019,hong kong,2019-11-17,28
2019,hong kong,2019-06-09,26
2019,isPartial.3,2018-12-30,False
2019,isPartial.3,2019-01-06,False
2019,isPartial.3,2019-01-13,False
2019,香港,2019-08-11,12
2019,香港,2019-06-09,11
2019,香港,2019-07-21,8
2019,boris johnson,2019-07-21,12
2019,boris johnson,2019-12-08,6
2019,boris johnson,2019-09-01,4
2019,kamala harris,2019-01-20,5
2019,kamala harris,2019-01-27,4
2019,kamala harris,2019-06-23,3
2019,game of thrones,2019-04-14,100
2019,game of thrones,2019-04-28,82
2019,game of thrones,2019-05-19,77
2019,bernie sanders,2019-02-17,5
2019,bernie sanders,2019-09-29,3
2019,bernie sanders,2019-02-24,2
2019,isPartial.4,2018-12-30,False
2019,isPartial.4,2019-01-06,False
2019,isPartial.4,2019-01-13,False
2019,wework,2019-09-15,1
2019,wework,2019-09-22,1
2019,wework,2019-09-29,1
2019,trump impeachment,2019-12-15,9
2019,trump impeachment,2019-09-22,2
2019,trump impeachment,2019-09-29,1
2019,notre dame,2019-04-14,100
2019,notre dame,2019-04-21,6
2019,notre dame,2019-09-22,4
2019,brexit,2019-01-13,10
2019,brexit,2019-03-24,10
2019,brexit,2019-03-10,9
2019,venezuela news,2019-01-20,1
2019,venezuela news,2019-01-27,1
2019,venezuela news,2019-02-24,1
2019,isPartial.5,2018-12-30,False
2019,isPartial.5,2019-01-06,False
2019,isPartial.5,2019-01-13,False
2019,huawei,2019-05-19,100
2019,huawei,2019-03-24,61
2019,huawei,2018-12-30,58
2019,kevin durant,2019-06-09,26
2019,kevin durant,2019-06-30,9
2019,kevin durant,2019-05-05,8
2019,melvin gordon,2019-09-01,6
2019,melvin gordon,2019-08-25,3
2019,melvin gordon,2019-09-08,2
2019,venezuela,2019-01-20,81
2019,venezuela,2019-01-27,66
2019,venezuela,2019-04-28,61
2019,ukraine,2019-09-22,11
2019,ukraine,2019-09-29,8
2019,ukraine,2019-10-13,7
2019,isPartial.6,2018-12-30,False
2019,isPartial.6,2019-01-06,False
2019,isPartial.6,2019-01-13,False
2019,climate change,2019-09-22,17
2019,climate change,2019-09-15,12
2019,climate change,2019-09-29,10
2019,recession,2019-08-11,10
2019,recession,2019-08-18,8
2019,recession,2019-08-25,5
2019,bryce harper,2019-02-24,25
2019,bryce harper,2019-02-17,15
2019,bryce harper,2019-02-10,6
2019,beto o'rourke,2019-03-10,9
2019,beto o'rourke,2019-03-17,7
2019,beto o'rourke,2019-02-10,3
2019,boeing,2019-03-10,100
2019,boeing,2019-03-17,29
2019,boeing,2019-03-24,20
2019,isPartial.7,2018-12-30,False
2019,isPartial.7,2019-01-06,False
2019,isPartial.7,2019-01-13,False
2019,michael jackson,2019-03-03,29
2019,michael jackson,2019-03-10,23
2019,michael jackson,2019-03-17,15
2019,phillies,2019-03-31,8
2019,phillies,2019-04-07,6
2019,phillies,2019-04-14,6
2019,news today,2019-02-24,26
2019,news today,2019-08-04,25
2019,news today,2019-05-19,21
2019,pakistan,2019-02-24,100
2019,pakistan,2019-06-16,99
2019,pakistan,2019-06-23,60
2019,shutdown,2019-01-20,36
2019,shutdown,2019-01-06,34
2019,shutdown,2019-01-13,34
2019,isPartial.8,2018-12-30,False
2019,isPartial.8,2019-01-06,False
2019,isPartial.8,2019-01-13,False
2019,iran news,2019-12-29,3
2019,iran news,2019-05-12,1
2019,iran news,2019-05-19,1
2019,earthquake,2019-06-30,25
2019,earthquake,2019-07-07,9
2019,earthquake,2019-04-21,5
2019,india,2019-11-10,100
2019,india,2019-12-15,99
2019,india,2019-05-19,93
2019,tottenham,2019-05-05,20
2019,tottenham,2019-05-26,17
2019,tottenham,2019-04-14,10
2019,iran,2019-12-29,24
2019,iran,2019-06-16,8
2019,iran,2019-06-23,6
2019,isPartial.9,2018-12-30,False
2019,isPartial.9,2019-01-06,False
2019,isPartial.9,2019-01-13,False
2020,date,2020-12-27,2020-12-27 00:00:00
2020,date,2020-12-20,2020-12-20 00:00:00
2020,date,2020-12-13,2020-12-13 00:00:00
2020,coronavirus,2020-03-15,100
2020,coronavirus,2020-03-22,86
2020,coronavirus,2020-03-08,75
2020,covid,2020-03-22,24
2020,covid,2020-03-29,23
2020,covid,2020-04-05,21
2020,covid 19,2020-03-22,16
2020,covid 19,2020-03-29,15
2020,covid 19,2020-03-15,13
2020,stimulus,2020-04-12,8
2020,stimulus,2020-12-27,7
2020,stimulus,2020-03-22,4
2020,covid-19,2020-08-02,5
2020,covid-19,2020-03-22,4
2020,covid-19,2020-03-29,4
2020,stimulus check,2020-04-12,33
2020,stimulus check,2020-12-27,28
2020,stimulus check,2020-04-19,16
2020,coronavirus update,2020-03-22,37
2020,coronavirus update,2020-03-15,36
2020,coronavirus update,2020-03-29,27
2020,coronavirus cases,2020-03-22,29
2020,coronavirus cases,2020-03-15,28
2020,coronavirus cases,2020-03-29,23
2020,coronavirus news,2020-03-15,24
2020,coronavirus news,2020-03-22,20
2020,coronavirus news,2020-03-08,15
2020,corona virus,2020-03-15,100
2020,corona virus,2020-03-22,82
2020,corona virus,2020-03-08,73
2020,isPartial.1,2019-12-29,False
2020,isPartial.1,2020-01-05,False
2020,isPartial.1,2020-01-12,False
2020,coronavirus us,2020-03-15,93
2020,coronavirus us,2020-03-22,78
2020,coronavirus us,2020-03-08,68
2020,coronavirus usa,2020-03-22,100
2020,coronavirus usa,2020-03-29,88
2020,coronavirus usa,2020-03-15,86
2020,florida coronavirus,2020-03-15,40
2020,florida coronavirus,2020-03-22,33
2020,florida coronavirus,2020-03-08,26
2020,california coronavirus,2020-03-15,28
2020,california coronavirus,2020-03-22,21
2020,california coronavirus,2020-03-08,18
2020,coronavirus florida,2020-03-15,39
2020,coronavirus florida,2020-03-22,32
2020,coronavirus florida,2020-03-29,27
2020,isPartial.2,2019-12-29,False
2020,isPartial.2,2020-01-05,False
2020,isPartial.2,2020-01-12,False
2020,coronavirus california,2020-03-15,7
2020,coronavirus california,2020-03-08,5
2020,coronavirus california,2020-03-22,5
2020,coronavirus vaccine,2020-03-15,8
2020,coronavirus vaccine,2020-03-22,7
2020,coronavirus vaccine,2020-03-08,5
2020,coronavirus new york,2020-03-22,9
2020,coronavirus new york,2020-03-29,8
2020,coronavirus new york,2020-03-15,7
2020,george floyd,2020-05-31,100
2020,george floyd,2020-05-24,76
2020,george floyd,2020-06-07,31
2020,coronavirus china,2020-03-15,26
2020,coronavirus china,2020-03-22,22
2020,coronavirus china,2020-03-08,16
2020,isPartial.3,2019-12-29,False
2020,isPartial.3,2020-01-05,False
2020,isPartial.3,2020-01-12,False
2020,covid vaccine,2020-12-27,100
2020,covid vaccine,2020-12-13,94
2020,covid vaccine,2020-12-06,75
2020,coronavirus nyc,2020-03-15,31
2020,coronavirus nyc,2020-03-08,27
2020,coronavirus nyc,2020-03-22,25
2020,coronavirus texas,2020-03-15,25
2020,coronavirus texas,2020-03-22,20
2020,coronavirus texas,2020-03-08,17
2020,nyc coronavirus,2020-03-15,31
2020,nyc coronavirus,2020-03-08,27
2020,nyc coronavirus,2020-03-22,25
2020,coronavirus trump,2020-03-08,43
2020,coronavirus trump,2020-03-15,42
2020,coronavirus trump,2020-03-22,32
2020,isPartial.4,2019-12-29,False
2020,isPartial.4,2020-01-05,False
2020,isPartial.4,2020-01-12,False
2020,stimulus update,2020-12-27,4
2020,stimulus update,2020-12-20,3
2020,stimulus update,2020-05-10,1
2020,italy coronavirus,2020-03-22,7
2020,italy coronavirus,2020-03-15,6
2020,italy coronavirus,2020-03-08,4
2020,coronavirus italy,2020-03-22,7
2020,coronavirus italy,2020-03-15,6
2020,coronavirus italy,2020-03-08,4
2020,stimulus package,2020-03-22,4
2020,stimulus package,2020-03-15,1
2020,stimulus package,2020-03-29,1
2020,election results 2020,2020-11-01,100
2020,election results 2020,2020-11-08,12
2020,election results 2020,2020-11-15,3
2020,isPartial.5,2019-12-29,False
2020,isPartial.5,2020-01-05,False
2020,isPartial.5,2020-01-12,False
2020,coronavirus ohio,2020-03-15,67
2020,coronavirus ohio,2020-03-08,48
2020,coronavirus ohio,2020-03-22,48
2020,coronavirus ny,2020-03-15,42
2020,coronavirus ny,2020-03-22,37
2020,coronavirus ny,2020-03-08,32
2020,coronavirus michigan,2020-03-15,55
2020,coronavirus michigan,2020-03-22,51
2020,coronavirus michigan,2020-03-29,40
2020,second stimulus check,2020-12-27,100
2020,second stimulus check,2020-12-20,66
2020,second stimulus check,2020-05-17,56
2020,coronavirus nj,2020-03-15,45
2020,coronavirus nj,2020-03-08,34
2020,coronavirus nj,2020-03-22,28
2020,isPartial.6,2019-12-29,False
2020,isPartial.6,2020-01-05,False
2020,isPartial.6,2020-01-12,False
2020,coronavirus los angeles,2020-03-15,4
2020,coronavirus los angeles,2020-03-08,3
2020,coronavirus los angeles,2020-03-22,3
2020,trump covid,2020-09-27,30
2020,trump covid,2020-10-04,20
2020,trump covid,2020-11-01,5
2020,coronavirus india,2020-03-22,100
2020,coronavirus india,2020-03-29,74
2020,coronavirus india,2020-03-15,67
2020,coronavirus virginia,2020-03-15,7
2020,coronavirus virginia,2020-03-08,5
2020,coronavirus virginia,2020-03-22,5
2020,coronavirus cure,2020-03-15,9
2020,coronavirus cure,2020-03-08,7
2020,coronavirus cure,2020-03-22,7
2020,isPartial.7,2019-12-29,False
2020,isPartial.7,2020-01-05,False
2020,isPartial.7,2020-01-12,False
2020,coronavirus colorado,2019-12-29,0
2020,coronavirus colorado,2020-01-05,0
2020,coronavirus colorado,2020-01-12,0
2020,coronavirus death toll,2020-03-08,1
2020,coronavirus death toll,2020-03-15,1
2020,coronavirus death toll,2020-03-22,1
2020,coronavirus symptoms,2020-03-08,8
2020,coronavirus symptoms,2020-03-15,8
2020,coronavirus symptoms,2020-03-01,4
2020,coronavirus massachusetts,2019-12-29,0
2020,coronavirus massachusetts,2020-01-05,0
2020,coronavirus massachusetts,2020-01-12,0
2020,corona,2020-03-15,100
2020,corona,2020-03-22,88
2020,corona,2020-03-08,67
2020,isPartial.8,2019-12-29,False
2020,isPartial.8,2020-01-05,False
2020,isPartial.8,2020-01-12,False
2020,covid 19 vaccine,2020-12-13,6
2020,covid 19 vaccine,2020-12-06,5
2020,covid 19 vaccine,2020-12-27,5
2020,unemployment,2020-03-29,100
2020,unemployment,2020-04-12,96
2020,unemployment,2020-04-05,94
2020,hurricane laura,2020-08-23,48
2020,hurricane laura,2020-08-30,2
2020,hurricane laura,2020-08-16,1
2020,coronavirus pennsylvania,2020-03-15,3
2020,coronavirus pennsylvania,2020-03-08,2
2020,coronavirus pennsylvania,2020-03-22,2
2020,ryan newman,2020-02-16,47
2020,ryan newman,2020-02-23,1
2020,ryan newman,2019-12-29,0
2020,isPartial.9,2019-12-29,False
2020,isPartial.9,2020-01-05,False
2020,isPartial.9,2020-01-12,False
2021,date,2021-12-26,2021-12-26 00:00:00
2021,date,2021-12-19,2021-12-19 00:00:00
2021,date,2021-12-12,2021-12-12 00:00:00
2021,omicron,2021-11-28,100
2021,omicron,2021-12-26,95
2021,omicron,2021-12-19,86
2021,brian laundrie,2021-10-17,36
2021,brian laundrie,2021-09-19,26
2021,brian laundrie,2021-09-26,24
2021,gabby petito,2021-09-19,94
2021,gabby petito,2021-09-26,21
2021,gabby petito,2021-09-12,20
2021,delta variant,2021-08-01,19
2021,delta variant,2021-06-27,17
2021,delta variant,2021-07-25,17
2021,vaccine mandate,2021-09-05,4
2021,vaccine mandate,2021-09-12,4
2021,vaccine mandate,2021-10-31,4
2021,shiba inu coin,2021-10-24,15
2021,shiba inu coin,2021-05-09,10
2021,shiba inu coin,2021-10-31,8
2021,dogecoin,2021-05-09,45
2021,dogecoin,2021-05-02,44
2021,dogecoin,2021-04-11,35
2021,dmx,2021-04-04,100
2021,dmx,2021-04-11,17
2021,dmx,2021-03-28,11
2021,marjorie taylor greene,2021-01-31,6
2021,marjorie taylor greene,2021-01-24,3
2021,marjorie taylor greene,2021-01-10,1
2021,johnson and johnson vaccine,2021-04-11,9
2021,johnson and johnson vaccine,2021-04-04,7
2021,johnson and johnson vaccine,2021-03-28,6
2021,isPartial.1,2020-12-27,False
2021,isPartial.1,2021-01-03,False
2021,isPartial.1,2021-01-10,False
2021,capitol,2021-01-03,100
2021,capitol,2021-01-10,39
2021,capitol,2021-01-17,17
2021,deshaun watson,2021-03-14,5
2021,deshaun watson,2021-03-21,5
2021,deshaun watson,2021-04-04,4
2021,crypto,2021-05-09,53
2021,crypto,2021-05-16,48
2021,crypto,2021-10-31,44
2021,cardano,2021-05-09,12
2021,cardano,2021-05-16,10
2021,cardano,2021-08-22,9
2021,amc stock,2021-01-24,48
2021,amc stock,2021-05-30,36
2021,amc stock,2021-01-31,35
2021,isPartial.2,2020-12-27,False
2021,isPartial.2,2021-01-03,False
2021,isPartial.2,2021-01-10,False
2021,taliban,2021-08-15,52
2021,taliban,2021-08-22,14
2021,taliban,2021-08-29,8
2021,afghanistan,2021-08-15,100
2021,afghanistan,2021-08-22,36
2021,afghanistan,2021-10-31,32
2021,afghanistan news,2021-08-15,16
2021,afghanistan news,2021-08-22,7
2021,afghanistan news,2021-08-29,4
2021,ethereum,2021-05-09,20
2021,ethereum,2021-05-02,18
2021,ethereum,2021-05-16,18
2021,justin fields,2021-04-25,2
2021,justin fields,2020-12-27,1
2021,justin fields,2021-01-03,1
2021,isPartial.3,2020-12-27,False
2021,isPartial.3,2021-01-03,False
2021,isPartial.3,2021-01-10,False
2021,aaron rodgers,2021-10-31,10
2021,aaron rodgers,2021-11-07,9
2021,aaron rodgers,2021-04-25,8
2021,myanmar,2021-01-31,21
2021,myanmar,2021-02-28,11
2021,myanmar,2021-02-07,10
2021,covid vaccine,2021-03-07,100
2021,covid vaccine,2021-04-25,97
2021,covid vaccine,2021-03-28,94
2021,britney spears,2021-06-20,27
2021,britney spears,2021-02-07,21
2021,britney spears,2021-06-27,16
2021,ted cruz,2021-02-14,13
2021,ted cruz,2021-01-03,7
2021,ted cruz,2021-02-21,5
2021,isPartial.4,2020-12-27,False
2021,isPartial.4,2021-01-03,False
2021,isPartial.4,2021-01-10,False
2021,amc,2021-01-24,30
2021,amc,2021-05-30,27
2021,amc,2021-01-31,24
2021,vaccine,2021-03-28,100
2021,vaccine,2021-03-14,97
2021,vaccine,2021-04-04,97
2021,russell wilson,2021-10-03,2
2021,russell wilson,2021-02-07,1
2021,russell wilson,2021-02-14,1
2021,tiger woods,2021-02-21,32
2021,tiger woods,2021-02-28,4
2021,tiger woods,2021-01-17,3
2021,washington football team,2021-09-12,3
2021,washington football team,2020-12-27,2
2021,washington football team,2021-01-03,2
2021,isPartial.5,2020-12-27,False
2021,isPartial.5,2021-01-03,False
2021,isPartial.5,2021-01-10,False
2021,gamestop,2021-01-24,80
2021,gamestop,2021-01-31,38
2021,gamestop,2021-02-21,14
2021,kyle rittenhouse,2021-11-14,67
2021,kyle rittenhouse,2021-11-07,20
2021,kyle rittenhouse,2021-11-21,12
2021,student loan forgiveness,2021-01-10,1
2021,student loan forgiveness,2021-01-17,1
2021,student loan forgiveness,2021-01-24,1
2021,bitcoin,2021-05-16,100
2021,bitcoin,2021-01-03,90
2021,bitcoin,2021-01-10,85
2021,bitcoin price,2021-05-16,29
2021,bitcoin price,2021-02-21,24
2021,bitcoin price,2021-01-03,23
2021,isPartial.6,2020-12-27,False
2021,isPartial.6,2021-01-03,False
2021,isPartial.6,2021-01-10,False
2021,immigration news,2020-12-27,1
2021,immigration news,2021-01-03,1
2021,immigration news,2021-01-10,1
2021,phoenix suns,2021-06-27,14
2021,phoenix suns,2021-07-04,13
2021,phoenix suns,2021-07-11,13
2021,nba scores,2021-05-23,62
2021,nba scores,2021-05-30,61
2021,nba scores,2021-06-13,54
2021,ukraine,2021-06-27,100
2021,ukraine,2021-06-13,40
2021,ukraine,2021-12-05,22
2021,atlanta braves,2021-10-31,39
2021,atlanta braves,2021-10-24,30
2021,atlanta braves,2021-10-17,23
2021,isPartial.7,2020-12-27,False
2021,isPartial.7,2021-01-03,False
2021,isPartial.7,2021-01-10,False
2021,aew,2021-09-05,21
2021,aew,2021-08-15,16
2021,aew,2021-03-07,15
2021,knicks,2021-05-23,36
2021,knicks,2021-05-30,23
2021,knicks,2021-05-09,22
2021,elon musk,2021-05-09,100
2021,elon musk,2021-01-03,72
2021,elon musk,2021-01-10,54
2021,yankees,2021-10-03,64
2021,yankees,2021-09-26,59
2021,yankees,2021-08-15,49
2021,kim kardashian,2021-01-03,56
2021,kim kardashian,2021-09-12,45
2021,kim kardashian,2021-11-14,30
2021,isPartial.8,2020-12-27,False
2021,isPartial.8,2021-01-03,False
2021,isPartial.8,2021-01-10,False
2021,israel,2021-05-09,51
2021,israel,2021-05-16,38
2021,israel,2021-05-23,12
2021,traductor,2021-04-18,100
2021,traductor,2021-04-11,99
2021,traductor,2021-04-25,98
2021,dodgers,2021-10-17,25
2021,dodgers,2021-10-10,19
2021,dodgers,2021-10-03,12
2021,chicago bears,2021-01-10,2
2021,chicago bears,2021-09-12,2
2021,chicago bears,2021-09-26,2
2021,ethiopia,2021-03-28,2
2021,ethiopia,2021-05-23,2
2021,ethiopia,2021-08-29,2
2021,isPartial.9,2020-12-27,False
2021,isPartial.9,2021-01-03,False
2021,isPartial.9,2021-01-10,False
2022,date,2022-12-25,2022-12-25 00:00:00
2022,date,2022-12-18,2022-12-18 00:00:00
2022,date,2022-12-11,2022-12-11 00:00:00
2022,hurricane ian,2022-09-25,61
2022,hurricane ian,2022-10-02,6
2022,hurricane ian,2022-09-18,1
2022,wordle,2022-02-13,100
2022,wordle,2022-02-20,87
2022,wordle,2022-02-27,85
2022,monkeypox,2022-07-31,22
2022,monkeypox,2022-05-22,17
2022,monkeypox,2022-07-24,17
2022,ukraine news,2022-02-27,45
2022,ukraine news,2022-02-20,40
2022,ukraine news,2022-03-06,20
2022,ukraine war,2022-02-27,16
2022,ukraine war,2022-02-20,15
2022,ukraine war,2022-03-06,9
2022,zelensky,2022-02-27,5
2022,zelensky,2022-02-20,2
2022,zelensky,2022-03-06,2
2022,chris rock,2022-03-27,23
2022,chris rock,2022-04-03,2
2022,chris rock,2022-04-10,1
2022,ukraine,2022-02-20,100
2022,ukraine,2022-02-27,90
2022,ukraine,2022-03-06,45
2022,washington commanders,2022-01-30,1
2022,washington commanders,2021-12-26,0
2022,washington commanders,2022-01-02,0
2022,kherson,2022-11-06,1
2022,kherson,2021-12-26,0
2022,kherson,2022-01-02,0
2022,isPartial.1,2021-12-26,False
2022,isPartial.1,2022-01-02,False
2022,isPartial.1,2022-01-09,False
2022,brittney griner,2022-12-04,10
2022,brittney griner,2022-07-31,7
2022,brittney griner,2022-07-03,4
2022,hurricane ian tracker,2022-09-25,21
2022,hurricane ian tracker,2022-10-02,1
2022,hurricane ian tracker,2021-12-26,0
2022,ukraine russia,2022-02-20,100
2022,ukraine russia,2022-02-27,68
2022,ukraine russia,2022-03-06,27
2022,russia ukraine,2022-02-20,98
2022,russia ukraine,2022-02-27,67
2022,russia ukraine,2022-03-06,28
2022,putin,2022-02-27,87
2022,putin,2022-02-20,81
2022,putin,2022-03-06,39
2022,isPartial.2,2021-12-26,False
2022,isPartial.2,2022-01-02,False
2022,isPartial.2,2022-01-09,False
2022,russian economy,2021-12-26,0
2022,russian economy,2022-01-02,0
2022,russian economy,2022-01-09,0
2022,will smith,2022-03-27,20
2022,will smith,2022-04-03,3
2022,will smith,2022-04-10,1
2022,recession,2022-06-12,1
2022,recession,2022-07-24,1
2022,recession,2021-12-26,0
2022,iphone 14,2022-09-04,9
2022,iphone 14,2022-09-11,6
2022,iphone 14,2022-09-18,5
2022,world cup,2022-11-27,100
2022,world cup,2022-11-20,88
2022,world cup,2022-12-04,77
2022,isPartial.3,2021-12-26,False
2022,isPartial.3,2022-01-02,False
2022,isPartial.3,2022-01-09,False
2022,nato,2022-02-20,32
2022,nato,2022-02-27,20
2022,nato,2022-03-06,8
2022,amber heard,2022-05-29,24
2022,amber heard,2022-04-24,20
2022,amber heard,2022-05-01,19
2022,johnny depp,2022-05-29,40
2022,johnny depp,2022-04-24,24
2022,johnny depp,2022-05-22,22
2022,russia,2022-02-20,100
2022,russia,2022-02-27,84
2022,russia,2022-03-06,38
2022,elon musk twitter,2022-04-24,5
2022,elon musk twitter,2022-04-03,1
2022,elon musk twitter,2022-04-10,1
2022,isPartial.4,2021-12-26,False
2022,isPartial.4,2022-01-02,False
2022,isPartial.4,2022-01-09,False
2022,russia news,2022-02-20,25
2022,russia news,2022-02-27,21
2022,russia news,2022-03-06,10
2022,vladimir putin,2022-02-20,10
2022,vladimir putin,2022-02-27,10
2022,vladimir putin,2022-03-06,4
2022,abortion,2022-06-19,18
2022,abortion,2022-06-26,17
2022,abortion,2022-05-01,10
2022,tyrann mathieu,2022-03-13,1
2022,tyrann mathieu,2022-03-20,1
2022,tyrann mathieu,2021-12-26,0
2022,queen elizabeth,2022-09-04,100
2022,queen elizabeth,2022-09-11,29
2022,queen elizabeth,2022-09-18,22
2022,isPartial.5,2021-12-26,False
2022,isPartial.5,2022-01-02,False
2022,isPartial.5,2022-01-09,False
2022,inflation,2022-06-12,5
2022,inflation,2022-08-07,5
2022,inflation,2022-09-11,5
2022,traductor,2022-05-29,100
2022,traductor,2022-10-23,94
2022,traductor,2022-05-22,93
2022,poland,2022-11-20,18
2022,poland,2022-11-27,18
2022,poland,2022-11-13,12
2022,习近平,2022-10-16,1
2022,习近平,2022-10-23,1
2022,习近平,2022-11-27,1
2022,supreme court,2022-06-19,10
2022,supreme court,2022-06-26,9
2022,supreme court,2022-05-01,6
2022,isPartial.6,2021-12-26,False
2022,isPartial.6,2022-01-02,False
2022,isPartial.6,2022-01-09,False
2022,mega millions,2022-07-24,100
2022,mega millions,2022-07-17,22
2022,mega millions,2022-07-31,13
2022,kanye west,2022-10-23,30
2022,kanye west,2022-02-13,15
2022,kanye west,2022-11-27,12
2022,powerball numbers,2022-11-06,55
2022,powerball numbers,2022-10-30,28
2022,powerball numbers,2022-01-02,12
2022,elon musk,2022-04-24,59
2022,elon musk,2022-04-10,22
2022,elon musk,2022-05-01,20
2022,phillies,2022-10-30,43
2022,phillies,2022-10-23,32
2022,phillies,2022-10-16,21
2022,isPartial.7,2021-12-26,False
2022,isPartial.7,2022-01-02,False
2022,isPartial.7,2022-01-09,False
2022,lauren boebert,2022-11-06,40
2022,lauren boebert,2022-11-13,14
2022,lauren boebert,2022-06-12,6
2022,student loan forgiveness,2022-08-21,35
2022,student loan forgiveness,2022-10-16,19
2022,student loan forgiveness,2022-08-28,12
2022,antonio brown,2022-01-02,100
2022,antonio brown,2022-10-02,11
2022,antonio brown,2022-01-09,8
2022,housing market,2022-06-12,4
2022,housing market,2022-07-24,4
2022,housing market,2022-02-20,3
2022,student loans,2022-08-21,34
2022,student loans,2022-08-14,11
2022,student loans,2022-04-03,8
2022,isPartial.8,2021-12-26,False
2022,isPartial.8,2022-01-02,False
2022,isPartial.8,2022-01-09,False
2022,odell beckham jr,2022-02-13,4
2022,odell beckham jr,2022-01-30,1
2022,odell beckham jr,2022-09-04,1
2022,taiwan,2022-07-31,36
2022,taiwan,2022-02-20,14
2022,taiwan,2022-08-07,14
2022,real madrid,2022-05-01,100
2022,real madrid,2022-05-22,84
2022,real madrid,2022-04-24,66
2022,north korea,2022-02-27,3
2022,north korea,2022-10-02,3
2022,north korea,2022-02-20,2
2022,tom brady,2022-01-30,20
2022,tom brady,2022-01-23,15
2022,tom brady,2022-03-13,11
2022,isPartial.9,2021-12-26,False
2022,isPartial.9,2022-01-02,False
2022,isPartial.9,2022-01-09,False
